order_id,date,name,price,quantity,servings_per_container,calories,total_fat_g,sat_fat_g,trans_fat_g,cholesterol_mg,sodium_mg,total_carbs_g,dietary_fiber_g,sugars_g,protein_g,day(date)
1,2019-02-27,Salad,2.19,1,3,45,0,0,0,0,60,12,3,6,3,27
1,2019-02-27,Salad,0.99,2,3,90,0,0,0,0,120,24,6,12,6,27
1,2019-02-27,Casa Mamita Beef and Bean Burritos,2.99,2,8,5280,240,80,0,240,8000,624,64,16,144,27
1,2019-02-27,Parkview Polska Kielbasa,2.55,2,7,2380,210,70,0,490,7280,28,0,14,84,27
1,2019-02-27,Sausage,3.29,2,8,800,40,16,0,400,2720,16,0,16,96,27
1,2019-02-27,Sausage,3.29,2,8,800,40,16,0,400,2720,16,0,16,96,27
1,2019-02-27,Whole And Simple Mediterranean Chicken Quinoa Bowl,3.29,4,1,1400,24,4,0,100,2040,188,24,24,64,27
1,2019-02-27,Fusia Chicken Fried Rice,3.85,2,1,440,12,2,0,90,1020,62,4,6,24,27
1,2019-02-27,Fusia Chicken Lo Mein,3.85,2,3,1140,9,0,0,90,4380,210,18,60,60,27
1,2019-02-27,Bremer Garlic Chicken Skillet,3.65,2,2.625,840,110.25,21,0,78.75,2362.5,110.25,15.75,15.75,840,27
1,2019-02-27,Kirkwood Crispy Chicken Strips,5.49,1,5,1585,66.5,12.5,0,210,5000,150,0,0,108.5,27
1,2019-02-27,Savoritz Cracked Pepper Woven Wheat Crackers,2.09,1,8.25,1155,49.5,12.375,0,0,1650,173.25,24.75,0,24.75,27
1,2019-02-27,Savoritz Thin Wheat Crackers,1.89,1,8.9,1157,31.150000000000002,4.45,0,0,2047,195.8,26.700000000000003,35.6,17.8,27
1,2019-02-27,Savoritz Woven Whole Wheat Cracker,1.95,1,8.25,1155,49.5,12.375,0,0,1650,173.25,24.75,0,24.75,27
1,2019-02-27,Hummus,2.55,1,10,1100,70,5,0,0,2200,90,20,10,30,27
1,2019-02-27,Friendly Farms Vanilla Unsweetened Almondmilk,2.29,3,8,720,60,0,0,0,4080,24,6,0,24,27
2,2019-03-06,Season's Choice Steamable Mediterranean Quinoa,3.29,1,2.4,360,10.799999999999999,1.2,0,0,1080,50.4,7.199999999999999,7.199999999999999,12,6
2,2019-03-06,Simply Nature Creamy Almond Butter,5.39,1,5.21,1979.8,177.14,10.42,0,0,677.3,72.94,31.259999999999998,20.84,62.519999999999996,6
2,2019-03-06,Savoritz Woven Whole Wheat Cracker,1.95,1,8.25,1155,49.5,12.375,0,0,1650,173.25,24.75,0,24.75,6
2,2019-03-06,Fusia Chicken Lo Mein,3.85,1,3,570,4.5,0,0,45,2190,105,9,30,30,6
2,2019-03-06,Fusia Chicken Fried Rice,3.85,1,1,220,6,1,0,45,510,31,2,3,12,6
2,2019-03-06,Brookdale Cooked Ham,3.29,2,8,1600,112,32,0,640,9920,8,0,8,144,6
2,2019-03-06,Village Bakery Triple Chocolate Creme Cake,3.65,1,10,2200,110,20,0,400,2000,290,5,200,30,6
2,2019-03-06,Savoritz Cracked Pepper Woven Wheat Crackers,2.09,1,8.25,1155,49.5,12.375,0,0,1650,173.25,24.75,0,24.75,6
2,2019-03-06,Bremer Garlic Chicken Skillet,3.65,1,2.625,420,55.125,10.5,0,39.375,1181.25,55.125,7.875,7.875,420,6
2,2019-03-06,Sausage,3.29,1,8,400,20,8,0,200,1360,8,0,8,48,6
2,2019-03-06,Sausage,3.29,1,8,400,20,8,0,200,1360,8,0,8,48,6
2,2019-03-06,Hummus,2.55,1,10,1100,70,5,0,0,2200,90,20,10,30,6
2,2019-03-06,Kirkwood Crispy Chicken Strips,5.49,2,5,3170,133,25,0,420,10000,300,0,0,217,6
3,2019-03-06,Salisbury Steak Dinner,2.79,2,6,1920,132,48,0,360,8280,96,12,0,96,6
3,2019-03-06,Salisbury Steak Dinner,2.79,2,6,1920,132,48,0,360,8280,96,12,0,96,6
3,2019-03-06,Hungry-Man Boneless Fried Chicken Frozen Dinner,3.19,1,1,709,29,7,0,165,2160,86,6,30,34,6
3,2019-03-06,Marie Callender's Sweet And Sour Chicken Dinners,2.79,2,1,1000,28,5,0,60,1900,154,12,58,34,6
4,2019-03-16,Casa Mamita Beef and Bean Burritos,2.99,1,8,2640,120,40,0,120,4000,312,32,8,72,16
4,2019-03-16,Southern Grove Pitted Dates,2.09,1,5.6,604.8,0,0,0,0,22.4,151.2,16.799999999999997,152.32,7.279999999999999,16
4,2019-03-16,Benton's Cinnamon Graham Crackers,2.09,1,13.2,1716,39.599999999999994,0,0,0,1386,330,3.3,132,26.4,16
4,2019-03-16,Whole And Simple Mediterranean Chicken Quinoa Bowl,3.29,2,1,700,12,2,0,50,1020,94,12,12,32,16
4,2019-03-16,Sausage,3.29,2,8,800,40,16,0,400,2720,16,0,16,96,16
4,2019-03-16,Sausage,3.29,2,8,800,40,16,0,400,2720,16,0,16,96,16
4,2019-03-16,Kirkwood Crispy Chicken Strips,5.49,2,5,3170,133,25,0,420,10000,300,0,0,217,16
4,2019-03-16,Hummus,2.55,1,10,1100,70,5,0,0,2200,90,20,10,30,16
4,2019-03-16,Savoritz Cracked Pepper Woven Wheat Crackers,2.09,1,8.25,1155,49.5,12.375,0,0,1650,173.25,24.75,0,24.75,16
4,2019-03-16,Bremer Garlic Chicken Skillet,3.65,2,2.625,840,110.25,21,0,78.75,2362.5,110.25,15.75,15.75,840,16
4,2019-03-16,Friendly Farms Vanilla Unsweetened Almondmilk,2.29,2,8,480,40,0,0,0,2720,16,4,0,16,16
4,2019-03-16,Savoritz Woven Whole Wheat Cracker,1.95,1,8.25,1155,49.5,12.375,0,0,1650,173.25,24.75,0,24.75,16
4,2019-03-16,Brookdale Cooked Ham,3.29,2,8,1600,112,32,0,640,9920,8,0,8,144,16
4,2019-03-16,Season's Choice Steamable Mediterranean Quinoa,3.29,3,2.4,1080,32.4,3.5999999999999996,0,0,3240,151.2,21.599999999999998,21.599999999999998,36,16
4,2019-03-16,12 Grain Bread,2.09,1,16,1760,32,0,0,0,3360,320,48,48,80,16
4,2019-03-16,Millville Oats and Honey Protein Crunchy Granola,3.29,1,5.6,1176,28,2.8,0,0,728,173.6,16.799999999999997,95.19999999999999,56,16
5,2019-03-24,Fusia Chicken Lo Mein,3.85,1,3,570,4.5,0,0,45,2190,105,9,30,30,24
5,2019-03-24,Fusia Chicken Fried Rice,3.85,2,1,440,12,2,0,90,1020,62,4,6,24,24
5,2019-03-24,Sausage,3.29,1,8,400,20,8,0,200,1360,8,0,8,48,24
5,2019-03-24,Sausage,3.29,1,8,400,20,8,0,200,1360,8,0,8,48,24
5,2019-03-24,Bremer Garlic Chicken Skillet,3.65,2,2.625,840,110.25,21,0,78.75,2362.5,110.25,15.75,15.75,840,24
5,2019-03-24,Savoritz Woven Whole Wheat Cracker,1.95,2,8.25,2310,99,24.75,0,0,3300,346.5,49.5,0,49.5,24
5,2019-03-24,Whole And Simple Mediterranean Chicken Quinoa Bowl,3.29,2,1,700,12,2,0,50,1020,94,12,12,32,24
5,2019-03-24,Hummus,2.55,1,10,1100,70,5,0,0,2200,90,20,10,30,24
5,2019-03-24,Kirkwood Crispy Chicken Strips,5.49,2,5,3170,133,25,0,420,10000,300,0,0,217,24
5,2019-03-24,Casa Mamita Beef and Bean Burritos,2.99,2,8,5280,240,80,0,240,8000,624,64,16,144,24
5,2019-03-24,Season's Choice Steamable Mediterranean Quinoa,3.29,1,2.4,360,10.799999999999999,1.2,0,0,1080,50.4,7.199999999999999,7.199999999999999,12,24
5,2019-03-24,Parkview Polska Kielbasa,2.55,1,7,1190,105,35,0,245,3640,14,0,7,42,24
5,2019-03-24,12 Grain Bread,2.09,1,16,1760,32,0,0,0,3360,320,48,48,80,24
5,2019-03-24,Simply Nature Creamy Almond Butter,5.39,1,5.21,1979.8,177.14,10.42,0,0,677.3,72.94,31.259999999999998,20.84,62.519999999999996,24
6,2019-03-30,12 Grain Bread,2.09,1,16,1760,32,0,0,0,3360,320,48,48,80,30
6,2019-03-30,Sausage,3.29,2,8,800,40,16,0,400,2720,16,0,16,96,30
6,2019-03-30,Sausage,3.29,2,8,800,40,16,0,400,2720,16,0,16,96,30
6,2019-03-30,Hummus,2.55,2,10,2200,140,10,0,0,4400,180,40,20,60,30
6,2019-03-30,Whole And Simple Mediterranean Chicken Quinoa Bowl,3.29,2,1,700,12,2,0,50,1020,94,12,12,32,30
6,2019-03-30,Savoritz Cracked Pepper Woven Wheat Crackers,2.09,2,8.25,2310,99,24.75,0,0,3300,346.5,49.5,0,49.5,30
6,2019-03-30,Savoritz Woven Whole Wheat Cracker,1.95,1,8.25,1155,49.5,12.375,0,0,1650,173.25,24.75,0,24.75,30
6,2019-03-30,Casa Mamita Beef and Bean Burritos,2.99,1,8,2640,120,40,0,120,4000,312,32,8,72,30
6,2019-03-30,Kirkwood Crispy Chicken Strips,5.49,2,5,3170,133,25,0,420,10000,300,0,0,217,30
6,2019-03-30,Bremer Garlic Chicken Skillet,3.65,1,2.625,420,55.125,10.5,0,39.375,1181.25,55.125,7.875,7.875,420,30
6,2019-03-30,Season's Choice Steamable Mediterranean Quinoa,3.29,2,2.4,720,21.599999999999998,2.4,0,0,2160,100.8,14.399999999999999,14.399999999999999,24,30
6,2019-03-30,Friendly Farms Vanilla Unsweetened Almondmilk,2.29,2,8,480,40,0,0,0,2720,16,4,0,16,30
6,2019-03-30,Salad,0.99,1,3,45,0,0,0,0,60,12,3,6,3,30
6,2019-03-30,Kirkwood Garlic and Herb Chicken Breast,7.69,1,1,1160,40,0,0,0,0,0,0,0,240,30
7,2019-04-06,Hummus,2.55,2,10,2200,140,10,0,0,4400,180,40,20,60,6
7,2019-04-06,Whole And Simple Mediterranean Chicken Quinoa Bowl,3.29,2,1,700,12,2,0,50,1020,94,12,12,32,6
7,2019-04-06,Savoritz Woven Whole Wheat Cracker,1.95,2,8.25,2310,99,24.75,0,0,3300,346.5,49.5,0,49.5,6
7,2019-04-06,12 Grain Bread,2.09,1,16,1760,32,0,0,0,3360,320,48,48,80,6
7,2019-04-06,Eggs,1.35,1,12,840,60,18,0,2220,840,0,0,0,72,6
7,2019-04-06,Season's Choice Steamable Mediterranean Quinoa,3.29,2,2.4,720,21.599999999999998,2.4,0,0,2160,100.8,14.399999999999999,14.399999999999999,24,6
7,2019-04-06,Whole And Simple Southwest Chicken Quinoa Bowl,3.29,2,1,620,12,2,0,40,960,100,14,10,30,6
7,2019-04-06,Salad,2.09,1,3,45,0,0,0,0,60,12,3,6,3,6
7,2019-04-06,Appleton Farms Premium Sliced Bacon,3.49,1,12,504,38.400000000000006,12,2.4000000000000004,108,2304,1.44,0,0,36,6
7,2019-04-06,Southern Grove Cashew Halves and Pieces,5.19,1,12,2040,168,36,0,0,1440,84,12,0,72,6
7,2019-04-06,Salad,1.35,1,3,45,0,0,0,0,60,12,3,6,3,6
7,2019-04-06,Southern Grove Pitted Dates,2.09,1,5.6,604.8,0,0,0,0,22.4,151.2,16.799999999999997,152.32,7.279999999999999,6
7,2019-04-06,Apples,4.39,2,6,864,0.46799999999999997,0,0,0,12,12,39.599999999999994,171.60000000000002,4.32,6
7,2019-04-06,Apples,4.39,2,6,864,0.46799999999999997,0,0,0,12,12,39.599999999999994,171.60000000000002,4.32,6
8,2019-04-15,12 Grain Bread,2.09,1,16,1760,32,0,0,0,3360,320,48,48,80,15
8,2019-04-15,Sausage,3.29,2,8,800,40,16,0,400,2720,16,0,16,96,15
8,2019-04-15,Sausage,3.29,2,8,800,40,16,0,400,2720,16,0,16,96,15
8,2019-04-15,Parkview Polska Kielbasa,2.55,1,7,1190,105,35,0,245,3640,14,0,7,42,15
8,2019-04-15,Whole And Simple Southwest Chicken Quinoa Bowl,3.29,2,1,620,12,2,0,40,960,100,14,10,30,15
8,2019-04-15,Fusia Chicken Lo Mein,3.85,1,3,570,4.5,0,0,45,2190,105,9,30,30,15
8,2019-04-15,Kirkwood Crispy Chicken Strips,5.49,1,5,1585,66.5,12.5,0,210,5000,150,0,0,108.5,15
8,2019-04-15,Whole And Simple Mediterranean Chicken Quinoa Bowl,3.29,1,1,350,6,1,0,25,510,47,6,6,16,15
8,2019-04-15,Savoritz Woven Whole Wheat Cracker,1.95,2,8.25,2310,99,24.75,0,0,3300,346.5,49.5,0,49.5,15
8,2019-04-15,Bremer Garlic Chicken Skillet,3.65,1,2.625,420,55.125,10.5,0,39.375,1181.25,55.125,7.875,7.875,420,15
8,2019-04-15,Casa Mamita Beef and Bean Burritos,2.99,2,8,5280,240,80,0,240,8000,624,64,16,144,15
8,2019-04-15,Friendly Farms Vanilla Unsweetened Almondmilk,2.29,2,8,480,40,0,0,0,2720,16,4,0,16,15
8,2019-04-15,Salad,0.99,1,3,45,0,0,0,0,60,12,3,6,3,15
8,2019-04-15,Appleton Farms Premium Sliced Bacon,3.49,1,12,504,38.400000000000006,12,2.4000000000000004,108,2304,1.44,0,0,36,15
8,2019-04-15,Southern Grove Cashew Halves and Pieces,5.19,2,12,4080,336,72,0,0,2880,168,24,0,144,15
8,2019-04-15,Salad,2.09,1,3,45,0,0,0,0,60,12,3,6,3,15
8,2019-04-15,Kirkwood Boneless Chicken Wyngz,5.49,2,7.4,2960,148,29.6,0,518,9324,177.60000000000002,0,29.6,236.8,15
8,2019-04-15,Park Street Deli Chicken Fajitas,6.59,2,2,640,9.6,0,0,256,4864,48,6.4,25.6,83.2,15
8,2019-04-15,Bremer Chicken Pot Pie,0.79,3,1.25,1612.5,93.75,37.5,0,75,2812.5,146.25,15,15,45,15
9,2019-04-22,Fusia Chicken Fried Rice,3.85,1,1,220,6,1,0,45,510,31,2,3,12,22
9,2019-04-22,Whole And Simple Mediterranean Chicken Quinoa Bowl,3.29,2,1,700,12,2,0,50,1020,94,12,12,32,22
9,2019-04-22,Savoritz Woven Whole Wheat Cracker,1.95,2,8.25,2310,99,24.75,0,0,3300,346.5,49.5,0,49.5,22
9,2019-04-22,Sausage,3.29,2,8,800,40,16,0,400,2720,16,0,16,96,22
9,2019-04-22,Sausage,3.29,2,8,800,40,16,0,400,2720,16,0,16,96,22
9,2019-04-22,Hummus,2.55,2,10,2200,140,10,0,0,4400,180,40,20,60,22
9,2019-04-22,Kirkwood Crispy Chicken Strips,5.49,1,5,1585,66.5,12.5,0,210,5000,150,0,0,108.5,22
9,2019-04-22,Season's Choice Steamable Mediterranean Quinoa,3.29,2,2.4,720,21.599999999999998,2.4,0,0,2160,100.8,14.399999999999999,14.399999999999999,24,22
9,2019-04-22,Friendly Farms Vanilla Unsweetened Almondmilk,2.29,2,8,480,40,0,0,0,2720,16,4,0,16,22
9,2019-04-22,Salad,0.99,1,3,45,0,0,0,0,60,12,3,6,3,22
9,2019-04-22,Whole And Simple Southwest Chicken Quinoa Bowl,3.29,2,1,620,12,2,0,40,960,100,14,10,30,22
9,2019-04-22,Salad,2.09,1,3,45,0,0,0,0,60,12,3,6,3,22
9,2019-04-22,Appleton Farms Premium Sliced Bacon,3.49,1,12,504,38.400000000000006,12,2.4000000000000004,108,2304,1.44,0,0,36,22
9,2019-04-22,Parkview Polska Kielbasa,2.55,1,7,1190,105,35,0,245,3640,14,0,7,42,22
9,2019-04-22,Park Street Deli Chicken Fajitas,6.59,2,2,640,9.6,0,0,256,4864,48,6.4,25.6,83.2,22
9,2019-04-22,Season's Choice Steamable Mixed Vegetables,0.89,1,5,175,0,0,0,0,0,20,15,0,10,22
9,2019-04-22,Season's Choice Steamable Cut Green Beans,0.89,1,5,175,0,0,0,0,0,20,15,0,10,22
9,2019-04-22,Season's Choice Extra Fine Green Beans,1.75,1,5,175,0,0,0,0,0,20,15,0,10,22
9,2019-04-22,Season's Choice Frozen Sweet Peas,1.09,1,5,175,0,0,0,0,0,20,15,0,10,22
9,2019-04-22,Salisbury Steak Dinner,2.95,3,6,2880,198,72,0,540,12420,144,18,0,144,22
9,2019-04-22,Salisbury Steak Dinner,2.95,3,6,2880,198,72,0,540,12420,144,18,0,144,22
10,2019-04-30,Fusia Chicken Fried Rice,3.85,1,1,220,6,1,0,45,510,31,2,3,12,30
10,2019-04-30,12 Grain Bread,2.09,1,16,1760,32,0,0,0,3360,320,48,48,80,30
10,2019-04-30,Savoritz Woven Whole Wheat Cracker,1.95,2,8.25,2310,99,24.75,0,0,3300,346.5,49.5,0,49.5,30
10,2019-04-30,Whole And Simple Mediterranean Chicken Quinoa Bowl,3.29,2,1,700,12,2,0,50,1020,94,12,12,32,30
10,2019-04-30,Kirkwood Crispy Chicken Strips,5.49,1,5,1585,66.5,12.5,0,210,5000,150,0,0,108.5,30
10,2019-04-30,Sausage,3.29,2,8,800,40,16,0,400,2720,16,0,16,96,30
10,2019-04-30,Sausage,3.29,2,8,800,40,16,0,400,2720,16,0,16,96,30
10,2019-04-30,Friendly Farms Vanilla Unsweetened Almondmilk,2.55,1,8,240,20,0,0,0,1360,8,2,0,8,30
10,2019-04-30,Fusia Chicken Lo Mein,3.85,1,3,570,4.5,0,0,45,2190,105,9,30,30,30
10,2019-04-30,Salad,0.99,1,3,45,0,0,0,0,60,12,3,6,3,30
10,2019-04-30,Park Street Deli Chicken Fajitas,6.59,1,2,320,4.8,0,0,128,2432,24,3.2,12.8,41.6,30
10,2019-04-30,Bremer Chicken Pot Pie,0.79,3,1.25,1612.5,93.75,37.5,0,75,2812.5,146.25,15,15,45,30
10,2019-04-30,Apples,64.3,1,6,432,0.23399999999999999,0,0,0,6,6,19.799999999999997,85.80000000000001,2.16,30
10,2019-04-30,Apples,64.3,1,6,432,0.23399999999999999,0,0,0,6,6,19.799999999999997,85.80000000000001,2.16,30
10,2019-04-30,Fusia Chicken Fried Rice,3.85,1,1,220,6,1,0,45,510,31,2,3,12,30
10,2019-04-30,Season's Choice Steamable Mixed Vegetables,0.89,1,5,175,0,0,0,0,0,20,15,0,10,30
10,2019-04-30,Season's Choice Steamable Cut Green Beans,0.89,1,5,175,0,0,0,0,0,20,15,0,10,30
10,2019-04-30,Salisbury Steak Dinner,2.95,2,6,1920,132,48,0,360,8280,96,12,0,96,30
10,2019-04-30,Salisbury Steak Dinner,2.95,2,6,1920,132,48,0,360,8280,96,12,0,96,30
10,2019-04-30,Hummus,2.55,1,10,1100,70,5,0,0,2200,90,20,10,30,30
10,2019-04-30,Pears,2.75,1,6,606,0,0,0,0,0,0,0,0,6,30
10,2019-04-30,Never Any! Hickory Bacon,5.49,1,12,504,38.400000000000006,12,2.4000000000000004,108,2304,1.44,0,0,36,30
10,2019-04-30,Parkview Stadium Bratwurst,2.75,1,6,1260,108,36,0,240,3720,18,0,12,48,30
11,2019-04-30,Kroger Bite Size Shredded Wheat Cereal,2.49,1,9.2,1563.9999999999998,9.2,0,0,0,0,368,55.199999999999996,0,55.199999999999996,30
11,2019-04-30,Golden Star Dates Pitted,3.99,1,5.6,604.8,0,0,0,0,22.4,151.2,16.799999999999997,152.32,7.279999999999999,30
11,2019-04-30,Stouffer's Protein Bowls Moroccan-Style Chicken STOUFFER'S FIT KITCHEN Protein Bowls Moroccan-Style Chicken,4.69,2,1,780,12,2,0,70,1520,120,10,32,48,30
11,2019-04-30,Marie Callender's Chicken Pot Pie,2.29,3,1.25,1612.5,93.75,37.5,0,75,2812.5,146.25,15,15,45,30
11,2019-04-30,Lean Cuisine Marketplace Sweet & Spicy Korean-Style Beef LEAN CUISINE MARKETPLACE Sweet & Spicy Korean-Style Beef,2.79,1,1,320,7,2,0,35,650,50,3,15,15,30
11,2019-04-30,Lean Cuisine Favorites Swedish Meatballs with Pasta,2.29,2,9.12,5289.5999999999995,109.44,36.48,0,455.99999999999994,11126.4,802.56,36.48,54.72,291.84,30
12,2019-05-12,12 Grain Bread,2.09,1,16,1760,32,0,0,0,3360,320,48,48,80,12
12,2019-05-12,Eggs,2.55,1,12,840,60,18,0,2220,840,0,0,0,72,12
12,2019-05-12,Bremer Garlic Chicken Skillet,3.65,1,2.625,420,55.125,10.5,0,39.375,1181.25,55.125,7.875,7.875,420,12
12,2019-05-12,Season's Choice Steamable Mediterranean Quinoa,3.29,2,2.4,720,21.599999999999998,2.4,0,0,2160,100.8,14.399999999999999,14.399999999999999,24,12
12,2019-05-12,Whole And Simple Mediterranean Chicken Quinoa Bowl,3.29,2,1,700,12,2,0,50,1020,94,12,12,32,12
12,2019-05-12,Savoritz Woven Whole Wheat Cracker,1.95,2,8.25,2310,99,24.75,0,0,3300,346.5,49.5,0,49.5,12
12,2019-05-12,Sausage,3.29,1,8,400,20,8,0,200,1360,8,0,8,48,12
12,2019-05-12,Sausage,3.29,1,8,400,20,8,0,200,1360,8,0,8,48,12
12,2019-05-12,Kirkwood Crispy Chicken Strips,5.49,2,5,3170,133,25,0,420,10000,300,0,0,217,12
12,2019-05-12,Friendly Farms Vanilla Unsweetened Almondmilk,2.55,1,8,240,20,0,0,0,1360,8,2,0,8,12
12,2019-05-12,Salad,0.99,1,3,45,0,0,0,0,60,12,3,6,3,12
12,2019-05-12,Hummus,2.55,1,10,1100,70,5,0,0,2200,90,20,10,30,12
12,2019-05-12,Park Street Deli Chicken Fajitas,6.59,2,2,640,9.6,0,0,256,4864,48,6.4,25.6,83.2,12
12,2019-05-12,Appleton Farms Premium Sliced Bacon,3.85,2,12,1008,76.80000000000001,24,4.800000000000001,216,4608,2.88,0,0,72,12
12,2019-05-12,Whole And Simple Southwest Chicken Quinoa Bowl,3.29,1,1,310,6,1,0,20,480,50,7,5,15,12
12,2019-05-12,Simply Nature Creamy Almond Butter,5.39,1,5.21,1979.8,177.14,10.42,0,0,677.3,72.94,31.259999999999998,20.84,62.519999999999996,12
13,2019-05-20,Whole And Simple Mediterranean Chicken Quinoa Bowl,3.29,2,1,700,12,2,0,50,1020,94,12,12,32,20
13,2019-05-20,Whole And Simple Southwest Chicken Quinoa Bowl,3.29,2,1,620,12,2,0,40,960,100,14,10,30,20
13,2019-05-20,Savoritz Woven Whole Wheat Cracker,1.95,2,8.25,2310,99,24.75,0,0,3300,346.5,49.5,0,49.5,20
13,2019-05-20,Sausage,3.29,2,8,800,40,16,0,400,2720,16,0,16,96,20
13,2019-05-20,Sausage,3.29,2,8,800,40,16,0,400,2720,16,0,16,96,20
13,2019-05-20,Friendly Farms Vanilla Unsweetened Almondmilk,2.55,1,8,240,20,0,0,0,1360,8,2,0,8,20
13,2019-05-20,Kirkwood Crispy Chicken Strips,5.49,1,5,1585,66.5,12.5,0,210,5000,150,0,0,108.5,20
13,2019-05-20,Salad,1.35,2,3,90,0,0,0,0,120,24,6,12,6,20
13,2019-05-20,Park Street Deli Chicken Fajitas,6.59,2,2,640,9.6,0,0,256,4864,48,6.4,25.6,83.2,20
13,2019-05-20,12 Grain Bread,2.09,1,16,1760,32,0,0,0,3360,320,48,48,80,20
13,2019-05-20,Hummus,2.55,1,10,1100,70,5,0,0,2200,90,20,10,30,20
13,2019-05-20,Fusia Chicken Fried Rice,3.85,1,1,220,6,1,0,45,510,31,2,3,12,20
13,2019-05-20,Season's Choice Steamable Mediterranean Quinoa,3.29,3,2.4,1080,32.4,3.5999999999999996,0,0,3240,151.2,21.599999999999998,21.599999999999998,36,20
13,2019-05-20,Apples,4.39,1,6,432,0.23399999999999999,0,0,0,6,6,19.799999999999997,85.80000000000001,2.16,20
13,2019-05-20,Apples,4.39,1,6,432,0.23399999999999999,0,0,0,6,6,19.799999999999997,85.80000000000001,2.16,20
13,2019-05-20,Never Any! Hickory Bacon,5.49,2,12,1008,76.80000000000001,24,4.800000000000001,216,4608,2.88,0,0,72,20
13,2019-05-20,Salisbury Steak Dinner,2.95,1,6,960,66,24,0,180,4140,48,6,0,48,20
13,2019-05-20,Salisbury Steak Dinner,2.95,1,6,960,66,24,0,180,4140,48,6,0,48,20
13,2019-05-20,Simply Nature Creamy Almond Butter,5.39,1,5.21,1979.8,177.14,10.42,0,0,677.3,72.94,31.259999999999998,20.84,62.519999999999996,20
13,2019-05-20,Parkview Stadium Bratwurst,2.75,1,6,1260,108,36,0,240,3720,18,0,12,48,20
13,2019-05-20,Parkview Polska Kielbasa,2.55,1,7,1190,105,35,0,245,3640,14,0,7,42,20
14,2019-05-28,Hummus,2.55,2,10,2200,140,10,0,0,4400,180,40,20,60,28
14,2019-05-28,Park Street Deli Chicken Fajitas,6.59,2,2,640,9.6,0,0,256,4864,48,6.4,25.6,83.2,28
14,2019-05-28,Savoritz Woven Whole Wheat Cracker,1.95,2,8.25,2310,99,24.75,0,0,3300,346.5,49.5,0,49.5,28
14,2019-05-28,Whole And Simple Mediterranean Chicken Quinoa Bowl,3.29,1,1,350,6,1,0,25,510,47,6,6,16,28
14,2019-05-28,Kirkwood Crispy Chicken Strips,5.49,2,5,3170,133,25,0,420,10000,300,0,0,217,28
14,2019-05-28,12 Grain Bread,2.09,1,16,1760,32,0,0,0,3360,320,48,48,80,28
14,2019-05-28,Bremer Garlic Chicken Skillet,3.65,2,2.625,840,110.25,21,0,78.75,2362.5,110.25,15.75,15.75,840,28
14,2019-05-28,Season's Choice Steamable Mediterranean Quinoa,3.29,2,2.4,720,21.599999999999998,2.4,0,0,2160,100.8,14.399999999999999,14.399999999999999,24,28
14,2019-05-28,Whole And Simple Southwest Chicken Quinoa Bowl,3.29,2,1,620,12,2,0,40,960,100,14,10,30,28
14,2019-05-28,Never Any! Hickory Bacon,5.49,1,12,504,38.400000000000006,12,2.4000000000000004,108,2304,1.44,0,0,36,28
14,2019-05-28,Apples,4.75,1,6,432,0.23399999999999999,0,0,0,6,6,19.799999999999997,85.80000000000001,2.16,28
14,2019-05-28,Apples,4.75,1,6,432,0.23399999999999999,0,0,0,6,6,19.799999999999997,85.80000000000001,2.16,28
14,2019-05-28,Eggs,1.55,1,12,840,60,18,0,2220,840,0,0,0,72,28
14,2019-05-28,Fusia Chicken Lo Mein,3.85,1,3,570,4.5,0,0,45,2190,105,9,30,30,28
14,2019-05-28,Salisbury Steak Dinner,2.95,1,6,960,66,24,0,180,4140,48,6,0,48,28
14,2019-05-28,Salisbury Steak Dinner,2.95,1,6,960,66,24,0,180,4140,48,6,0,48,28
14,2019-05-28,Parkview Stadium Bratwurst,2.75,1,6,1260,108,36,0,240,3720,18,0,12,48,28
15,2019-06-07,Whole And Simple Mediterranean Chicken Quinoa Bowl,3.29,1,1,350,6,1,0,25,510,47,6,6,16,7
15,2019-06-07,Savoritz Woven Whole Wheat Cracker,1.95,2,8.25,2310,99,24.75,0,0,3300,346.5,49.5,0,49.5,7
15,2019-06-07,Kirkwood Crispy Chicken Strips,5.49,2,5,3170,133,25,0,420,10000,300,0,0,217,7
15,2019-06-07,Hummus,2.55,2,10,2200,140,10,0,0,4400,180,40,20,60,7
15,2019-06-07,12 Grain Bread,2.09,1,16,1760,32,0,0,0,3360,320,48,48,80,7
15,2019-06-07,Season's Choice Steamable Mediterranean Quinoa,3.29,1,2.4,360,10.799999999999999,1.2,0,0,1080,50.4,7.199999999999999,7.199999999999999,12,7
15,2019-06-07,Park Street Deli Chicken Fajitas,6.59,1,2,320,4.8,0,0,128,2432,24,3.2,12.8,41.6,7
15,2019-06-07,Whole And Simple Southwest Chicken Quinoa Bowl,3.29,2,1,620,12,2,0,40,960,100,14,10,30,7
15,2019-06-07,Friendly Farms Vanilla Unsweetened Almondmilk,2.55,1,8,240,20,0,0,0,1360,8,2,0,8,7
15,2019-06-07,Salad,1.35,2,3,90,0,0,0,0,120,24,6,12,6,7
15,2019-06-07,Appleton Farms Premium Sliced Bacon,3.85,1,12,504,38.400000000000006,12,2.4000000000000004,108,2304,1.44,0,0,36,7
15,2019-06-07,Simply Nature Creamy Almond Butter,5.39,2,5.21,3959.6,354.28,20.84,0,0,1354.6,145.88,62.519999999999996,41.68,125.03999999999999,7
15,2019-06-07,Southern Grove Cashew Halves and Pieces,5.19,1,12,2040,168,36,0,0,1440,84,12,0,72,7
15,2019-06-07,"Strawberries, Package (Limit 6)",1.65,1,4.5,144,0,0,0,0,0,0,9,22.05,3.15,7
15,2019-06-07,Salisbury Steak Dinner,2.95,1,6,960,66,24,0,180,4140,48,6,0,48,7
15,2019-06-07,Salisbury Steak Dinner,2.95,1,6,960,66,24,0,180,4140,48,6,0,48,7
16,2019-06-13,Earthly Grains Instant Brown Rice,1.99,1,8.8,1496.0000000000002,13.200000000000001,0,0,0,1760.0000000000002,308,26.400000000000002,0,26.400000000000002,13
16,2019-06-13,Whole And Simple Mediterranean Chicken Quinoa Bowl,3.29,2,1,700,12,2,0,50,1020,94,12,12,32,13
16,2019-06-13,Savoritz Woven Whole Wheat Cracker,1.95,2,8.25,2310,99,24.75,0,0,3300,346.5,49.5,0,49.5,13
16,2019-06-13,Kirkwood Crispy Chicken Strips,5.49,1,5,1585,66.5,12.5,0,210,5000,150,0,0,108.5,13
16,2019-06-13,Season's Choice Steamable Mediterranean Quinoa,3.29,1,2.4,360,10.799999999999999,1.2,0,0,1080,50.4,7.199999999999999,7.199999999999999,12,13
16,2019-06-13,12 Grain Bread,2.09,1,16,1760,32,0,0,0,3360,320,48,48,80,13
16,2019-06-13,Friendly Farms Vanilla Unsweetened Almondmilk,2.55,1,8,240,20,0,0,0,1360,8,2,0,8,13
16,2019-06-13,Whole And Simple Southwest Chicken Quinoa Bowl,3.29,1,1,310,6,1,0,20,480,50,7,5,15,13
16,2019-06-13,Salad,1.35,2,3,90,0,0,0,0,120,24,6,12,6,13
16,2019-06-13,Sausage,3.29,1,8,400,20,8,0,200,1360,8,0,8,48,13
16,2019-06-13,Sausage,3.29,1,8,400,20,8,0,200,1360,8,0,8,48,13
16,2019-06-13,Apples,3.85,1,6,432,0.23399999999999999,0,0,0,6,6,19.799999999999997,85.80000000000001,2.16,13
16,2019-06-13,Apples,3.85,1,6,432,0.23399999999999999,0,0,0,6,6,19.799999999999997,85.80000000000001,2.16,13
16,2019-06-13,Parkview Stadium Bratwurst,2.75,1,6,1260,108,36,0,240,3720,18,0,12,48,13
16,2019-06-13,Eggs,1.45,1,12,840,60,18,0,2220,840,0,0,0,72,13
16,2019-06-13,Appleton Farms Premium Sliced Bacon,3.85,2,12,1008,76.80000000000001,24,4.800000000000001,216,4608,2.88,0,0,72,13
16,2019-06-13,Southern Grove Cashew Halves and Pieces,5.19,1,12,2040,168,36,0,0,1440,84,12,0,72,13
16,2019-06-13,85/15 Ground Beef Patties,10.7,1,12,2880,204,84,12,900,900,0,0,0,252,13
17,2019-06-25,Simply Nature Creamy Almond Butter,5.39,1,5.21,1979.8,177.14,10.42,0,0,677.3,72.94,31.259999999999998,20.84,62.519999999999996,25
17,2019-06-25,Appleton Farms Premium Sliced Bacon,3.85,1,12,504,38.400000000000006,12,2.4000000000000004,108,2304,1.44,0,0,36,25
17,2019-06-25,Salad,1.35,1,3,45,0,0,0,0,60,12,3,6,3,25
17,2019-06-25,Season's Choice Steamable Mediterranean Quinoa,3.29,2,2.4,720,21.599999999999998,2.4,0,0,2160,100.8,14.399999999999999,14.399999999999999,24,25
17,2019-06-25,Hummus,2.55,1,10,1100,70,5,0,0,2200,90,20,10,30,25
17,2019-06-25,Park Street Deli Chicken Fajitas,6.59,1,2,320,4.8,0,0,128,2432,24,3.2,12.8,41.6,25
17,2019-06-25,Eggs,1.55,1,12,840,60,18,0,2220,840,0,0,0,72,25
17,2019-06-25,Fusia Chicken Fried Rice,3.85,2,1,440,12,2,0,90,1020,62,4,6,24,25
17,2019-06-25,Savoritz Cracked Pepper Woven Wheat Crackers,2.09,2,8.25,2310,99,24.75,0,0,3300,346.5,49.5,0,49.5,25
17,2019-06-25,Pears,3.85,1,6,606,0,0,0,0,0,0,0,0,6,25
17,2019-06-25,Season's Choice Extra Fine Green Beans,1.75,1,5,175,0,0,0,0,0,20,15,0,10,25
17,2019-06-25,Kirkwood Boneless Chicken Wyngz,5.49,1,7.4,1480,74,14.8,0,259,4662,88.80000000000001,0,14.8,118.4,25
17,2019-06-25,Kirkwood Fresh Chicken Tenderloins,2.69,1,10,1000,5,0,0,700,1100,0,0,0,220,25
17,2019-06-25,Whole And Simple Southwest Chicken Quinoa Bowl,3.29,2,1,620,12,2,0,40,960,100,14,10,30,25
17,2019-06-25,Whole And Simple Mediterranean Chicken Quinoa Bowl,3.29,1,1,350,6,1,0,25,510,47,6,6,16,25
17,2019-06-25,Northern Catch Solid White Tuna in Water (Limit 6),1.29,4,2.5,600,10,0,0,250,1400,0,0,0,130,25
18,2019-06-29,Savoritz Woven Whole Wheat Cracker,1.95,1,8.25,1155,49.5,12.375,0,0,1650,173.25,24.75,0,24.75,29
18,2019-06-29,Kirkwood Crispy Chicken Strips,5.49,1,5,1585,66.5,12.5,0,210,5000,150,0,0,108.5,29
18,2019-06-29,12 Grain Bread,2.09,1,16,1760,32,0,0,0,3360,320,48,48,80,29
18,2019-06-29,Friendly Farms Vanilla Unsweetened Almondmilk,2.55,1,8,240,20,0,0,0,1360,8,2,0,8,29
18,2019-06-29,Sausage,3.29,1,8,400,20,8,0,200,1360,8,0,8,48,29
18,2019-06-29,Sausage,3.29,1,8,400,20,8,0,200,1360,8,0,8,48,29
18,2019-06-29,Eggs,1.09,1,12,840,60,18,0,2220,840,0,0,0,72,29
18,2019-06-29,Kirkwood Fresh Chicken Tenderloins,2.69,1,10,1000,5,0,0,700,1100,0,0,0,220,29
18,2019-06-29,Appleton Farms Premium Sliced Bacon,3.85,1,12,504,38.400000000000006,12,2.4000000000000004,108,2304,1.44,0,0,36,29
18,2019-06-29,Simply Nature Creamy Almond Butter,5.39,2,5.21,3959.6,354.28,20.84,0,0,1354.6,145.88,62.519999999999996,41.68,125.03999999999999,29
18,2019-06-29,Earthly Grains Instant Brown Rice,1.99,1,8.8,1496.0000000000002,13.200000000000001,0,0,0,1760.0000000000002,308,26.400000000000002,0,26.400000000000002,29
19,2019-07-05,Savoritz Woven Whole Wheat Cracker,1.95,1,8.25,1155,49.5,12.375,0,0,1650,173.25,24.75,0,24.75,5
19,2019-07-05,Hummus,2.55,1,10,1100,70,5,0,0,2200,90,20,10,30,5
19,2019-07-05,Salad,1.35,2,3,90,0,0,0,0,120,24,6,12,6,5
19,2019-07-05,Sausage,3.29,1,8,400,20,8,0,200,1360,8,0,8,48,5
19,2019-07-05,Sausage,3.29,1,8,400,20,8,0,200,1360,8,0,8,48,5
19,2019-07-05,Eggs,1.55,1,12,840,60,18,0,2220,840,0,0,0,72,5
19,2019-07-05,Friendly Farms Vanilla Unsweetened Almondmilk,2.55,1,8,240,20,0,0,0,1360,8,2,0,8,5
19,2019-07-05,Fusia Chicken Fried Rice,3.85,1,1,220,6,1,0,45,510,31,2,3,12,5
19,2019-07-05,Fusia Chicken Lo Mein,3.85,1,3,570,4.5,0,0,45,2190,105,9,30,30,5
19,2019-07-05,Northern Catch Solid White Tuna in Water (Limit 6),1.29,8,2.5,1200,20,0,0,500,2800,0,0,0,260,5
19,2019-07-05,Kirkwood Crispy Chicken Strips,5.49,2,5,3170,133,25,0,420,10000,300,0,0,217,5
20,2019-07-10,Salad,1.55,1,3,45,0,0,0,0,60,12,3,6,3,10
20,2019-07-10,Whole And Simple Mediterranean Chicken Quinoa Bowl,3.29,1,1,350,6,1,0,25,510,47,6,6,16,10
20,2019-07-10,Whole And Simple Southwest Chicken Quinoa Bowl,3.29,2,1,620,12,2,0,40,960,100,14,10,30,10
20,2019-07-10,Kirkwood Crispy Chicken Strips,5.49,1,5,1585,66.5,12.5,0,210,5000,150,0,0,108.5,10
20,2019-07-10,Eggs,1.09,1,12,840,60,18,0,2220,840,0,0,0,72,10
20,2019-07-10,Kirkwood Fresh Chicken Tenderloins,2.69,1,10,1000,5,0,0,700,1100,0,0,0,220,10
20,2019-07-10,Season's Choice Steamable Mediterranean Quinoa,3.29,1,2.4,360,10.799999999999999,1.2,0,0,1080,50.4,7.199999999999999,7.199999999999999,12,10
20,2019-07-10,Northern Catch Solid White Tuna in Water (Limit 6),1.29,4,2.5,600,10,0,0,250,1400,0,0,0,130,10
21,2019-07-14,Salad,2.19,2,3,90,0,0,0,0,120,24,6,12,6,14
21,2019-07-14,Kirkwood Fresh Chicken Tenderloins,2.69,1,10,1000,5,0,0,700,1100,0,0,0,220,14
21,2019-07-14,Kirkwood Turkey Burgers,6.59,1,12,2400,180,48,0,1200,1920,0,0,0,192,14
21,2019-07-14,Simply Nature Organic Mixed Greens (Limit 6),2.99,1,2,40,0,0,0,0,0,0,2,0,2,14
21,2019-07-14,Season's Choice Frozen Broccoli Florets,1.05,1,5,150,0,0,0,0,0,20,40,0,5,14
21,2019-07-14,12 Grain Bread,2.09,1,16,1760,32,0,0,0,3360,320,48,48,80,14
21,2019-07-14,Apples,4.75,1,6,432,0.23399999999999999,0,0,0,6,6,19.799999999999997,85.80000000000001,2.16,14
21,2019-07-14,Apples,4.75,1,6,432,0.23399999999999999,0,0,0,6,6,19.799999999999997,85.80000000000001,2.16,14
21,2019-07-14,Southern Grove Cashew Halves and Pieces,5.19,1,12,2040,168,36,0,0,1440,84,12,0,72,14
21,2019-07-14,Hummus,2.55,1,10,1100,70,5,0,0,2200,90,20,10,30,14
21,2019-07-14,Savoritz Woven Whole Wheat Cracker,1.95,1,8.25,1155,49.5,12.375,0,0,1650,173.25,24.75,0,24.75,14
21,2019-07-14,Savoritz Thin Wheat Crackers,1.89,1,8.9,1157,31.150000000000002,4.45,0,0,2047,195.8,26.700000000000003,35.6,17.8,14
22,2019-07-20,Friendly Farms Original Unsweetened Almondmilk,2.55,1,8,240,20,0,0,0,1360,8,2,0,8,20
22,2019-07-20,Simply Nature Creamy Almond Butter,5.39,1,5.21,1979.8,177.14,10.42,0,0,677.3,72.94,31.259999999999998,20.84,62.519999999999996,20
22,2019-07-20,Kirkwood Crispy Chicken Strips,5.49,1,5,1585,66.5,12.5,0,210,5000,150,0,0,108.5,20
22,2019-07-20,Eggs,1.09,1,12,840,60,18,0,2220,840,0,0,0,72,20
22,2019-07-20,Hummus,2.55,1,10,1100,70,5,0,0,2200,90,20,10,30,20
22,2019-07-20,Whole And Simple Mediterranean Chicken Quinoa Bowl,3.29,2,1,700,12,2,0,50,1020,94,12,12,32,20
22,2019-07-20,Whole And Simple Southwest Chicken Quinoa Bowl,3.29,1,1,310,6,1,0,20,480,50,7,5,15,20
22,2019-07-20,Kirkwood Fresh Chicken Tenderloins,2.69,1,10,1000,5,0,0,700,1100,0,0,0,220,20
22,2019-07-20,Savoritz Cracked Pepper Woven Wheat Crackers,2.09,1,8.25,1155,49.5,12.375,0,0,1650,173.25,24.75,0,24.75,20
22,2019-07-20,Kirkwood Turkey Burgers,6.59,1,12,2400,180,48,0,1200,1920,0,0,0,192,20
22,2019-07-20,Salad,1.35,1,3,45,0,0,0,0,60,12,3,6,3,20
22,2019-07-20,Sweet Potatoes (Limit 6),1.25,1,1,103,0,0,0,0,0,24,0,7,2.3,20
22,2019-07-20,Southern Grove Raisins,3.95,1,14.5,2030,0,0,0,0,0,478.5,14.5,377,14.5,20
22,2019-07-20,12 Grain Bread,2.09,1,16,1760,32,0,0,0,3360,320,48,48,80,20
22,2019-07-20,Fresh Family Pack Chicken Breasts,1.69,1,30,3000,15,0,0,2100,3300,0,0,0,660,20
23,2019-07-27,Appleton Farms Premium Sliced Bacon,4.19,1,12,504,38.400000000000006,12,2.4000000000000004,108,2304,1.44,0,0,36,27
23,2019-07-27,Fusia Chicken Fried Rice,3.85,2,1,440,12,2,0,90,1020,62,4,6,24,27
23,2019-07-27,Whole And Simple Mediterranean Chicken Quinoa Bowl,3.29,2,1,700,12,2,0,50,1020,94,12,12,32,27
23,2019-07-27,Eggs,1.09,1,12,840,60,18,0,2220,840,0,0,0,72,27
23,2019-07-27,Whole And Simple Southwest Chicken Quinoa Bowl,3.29,1,1,310,6,1,0,20,480,50,7,5,15,27
23,2019-07-27,Season's Choice Steamable Mediterranean Quinoa,3.29,2,2.4,720,21.599999999999998,2.4,0,0,2160,100.8,14.399999999999999,14.399999999999999,24,27
23,2019-07-27,Savoritz Woven Whole Wheat Cracker,1.95,2,8.25,2310,99,24.75,0,0,3300,346.5,49.5,0,49.5,27
23,2019-07-27,Kirkwood Fresh Chicken Tenderloins,2.69,1,10,1000,5,0,0,700,1100,0,0,0,220,27
23,2019-07-27,Salad,1.35,1,3,45,0,0,0,0,60,12,3,6,3,27
23,2019-07-27,12 Grain Bread,2.09,1,16,1760,32,0,0,0,3360,320,48,48,80,27
23,2019-07-27,Northern Catch Solid White Tuna in Water (Limit 6),1.29,6,2.5,900,15,0,0,375,2100,0,0,0,195,27
23,2019-07-27,Simply Nature Creamy Almond Butter,5.39,1,5.21,1979.8,177.14,10.42,0,0,677.3,72.94,31.259999999999998,20.84,62.519999999999996,27
23,2019-07-27,Season's Choice Frozen Broccoli Florets,1.05,1,5,150,0,0,0,0,0,20,40,0,5,27
23,2019-07-27,Apples,4.75,1,6,432,0.23399999999999999,0,0,0,6,6,19.799999999999997,85.80000000000001,2.16,27
23,2019-07-27,Apples,4.75,1,6,432,0.23399999999999999,0,0,0,6,6,19.799999999999997,85.80000000000001,2.16,27
23,2019-07-27,Southern Grove Cashew Halves and Pieces,5.19,1,12,2040,168,36,0,0,1440,84,12,0,72,27
23,2019-07-27,Kirkwood Turkey Burgers,6.59,1,12,2400,180,48,0,1200,1920,0,0,0,192,27
23,2019-07-27,Casa Mamita Beef and Bean Burritos,2.99,1,8,2640,120,40,0,120,4000,312,32,8,72,27
23,2019-07-27,Salad,1.55,1,3,45,0,0,0,0,60,12,3,6,3,27
23,2019-07-27,Salad,2.19,1,3,45,0,0,0,0,60,12,3,6,3,27
23,2019-07-27,85/15 Ground Beef Patties,10.7,1,12,2880,204,84,12,900,900,0,0,0,252,27
23,2019-07-27,Sweet Potatoes (Limit 6),1.25,1,1,103,0,0,0,0,0,24,0,7,2.3,27
24,2019-08-10,Kirkwood Fresh Chicken Tenderloins,2.69,1,10,1000,5,0,0,700,1100,0,0,0,220,10
24,2019-08-10,Hummus,2.55,2,10,2200,140,10,0,0,4400,180,40,20,60,10
24,2019-08-10,Whole And Simple Southwest Chicken Quinoa Bowl,3.29,2,1,620,12,2,0,40,960,100,14,10,30,10
24,2019-08-10,Savoritz Woven Whole Wheat Cracker,1.95,1,8.25,1155,49.5,12.375,0,0,1650,173.25,24.75,0,24.75,10
24,2019-08-10,Eggs,1.09,1,12,840,60,18,0,2220,840,0,0,0,72,10
24,2019-08-10,Season's Choice Steamable Mediterranean Quinoa,3.29,1,2.4,360,10.799999999999999,1.2,0,0,1080,50.4,7.199999999999999,7.199999999999999,12,10
24,2019-08-10,Kirkwood Turkey Burgers,6.59,1,12,2400,180,48,0,1200,1920,0,0,0,192,10
24,2019-08-10,Salad,2.19,2,3,90,0,0,0,0,120,24,6,12,6,10
24,2019-08-10,Salad,1.55,1,3,45,0,0,0,0,60,12,3,6,3,10
24,2019-08-10,Apples,4.75,1,6,432,0.23399999999999999,0,0,0,6,6,19.799999999999997,85.80000000000001,2.16,10
24,2019-08-10,Apples,4.75,1,6,432,0.23399999999999999,0,0,0,6,6,19.799999999999997,85.80000000000001,2.16,10
24,2019-08-10,Season's Choice Frozen Broccoli Florets,1.05,1,5,150,0,0,0,0,0,20,40,0,5,10
24,2019-08-10,Simply Nature Creamy Almond Butter,5.39,2,5.21,3959.6,354.28,20.84,0,0,1354.6,145.88,62.519999999999996,41.68,125.03999999999999,10
24,2019-08-10,Sweet Potatoes (Limit 6),1.09,1,1,103,0,0,0,0,0,24,0,7,2.3,10
24,2019-08-10,Season's Choice Extra Fine Green Beans,1.75,1,5,175,0,0,0,0,0,20,15,0,10,10
24,2019-08-10,Appleton Farms Premium Sliced Bacon,4.19,2,12,1008,76.80000000000001,24,4.800000000000001,216,4608,2.88,0,0,72,10
